timestamp_utc,new_per_sec,destroy_per_sec,avg_new_per_sec,avg_destroy_per_sec
2026-09-29T16:00:00Z,333,22,333.000,22.000
2026-09-29T16:00:01Z,327,21,330.000,21.500
2026-09-29T16:00:02Z,336,23,332.000,22.000
2026-09-29T16:00:03Z,315,26,327.750,23.000
2026-09-29T16:00:04Z,323,27,326.800,23.800
2026-09-29T16:00:05Z,322,23,326.000,23.667
2026-09-29T16:00:06Z,320,22,325.143,23.429
2026-09-29T16:00:07Z,316,26,324.000,23.750
2026-09-29T16:00:08Z,329,22,324.556,23.556
2026-09-29T16:00:09Z,342,21,326.300,23.300
2026-09-29T16:00:10Z,319,21,325.636,23.091
2026-09-29T16:00:11Z,348,22,327.500,23.000
2026-09-29T16:00:12Z,336,21,328.154,22.846
2026-09-29T16:00:13Z,336,26,328.714,23.071
2026-09-29T16:00:14Z,332,22,328.933,23.000
2026-09-29T16:00:15Z,314,23,328.000,23.000
2026-09-29T16:00:16Z,341,25,328.765,23.118
2026-09-29T16:00:17Z,334,25,329.056,23.222
2026-09-29T16:00:18Z,341,26,329.684,23.368
2026-09-29T16:00:19Z,349,25,330.650,23.450
2026-09-29T16:00:20Z,315,24,329.905,23.476
2026-09-29T16:00:21Z,343,23,330.500,23.455
2026-09-29T16:00:22Z,320,21,330.043,23.348
2026-09-29T16:00:23Z,340,21,330.458,23.250
2026-09-29T16:00:24Z,347,26,331.120,23.360
2026-09-29T16:00:25Z,325,21,330.885,23.269
2026-09-29T16:00:26Z,325,21,330.667,23.185
2026-09-29T16:00:27Z,312,24,330.000,23.214
2026-09-29T16:00:28Z,339,27,330.310,23.345
2026-09-29T16:00:29Z,312,22,329.700,23.300
2026-09-29T16:00:30Z,338,24,329.968,23.323
2026-09-29T16:00:31Z,344,24,330.406,23.344
2026-09-29T16:00:32Z,345,25,330.848,23.394
2026-09-29T16:00:33Z,345,27,331.265,23.500
2026-09-29T16:00:34Z,310,26,330.657,23.571
2026-09-29T16:00:35Z,336,24,330.806,23.583
2026-09-29T16:00:36Z,328,22,330.730,23.541
2026-09-29T16:00:37Z,318,25,330.395,23.579
2026-09-29T16:00:38Z,337,25,330.564,23.615
2026-09-29T16:00:39Z,343,27,330.875,23.700
2026-09-29T16:00:40Z,344,21,331.195,23.634
2026-09-29T16:00:41Z,353,25,331.714,23.667
2026-09-29T16:00:42Z,353,22,332.209,23.628
2026-09-29T16:00:43Z,370,20,333.068,23.545
2026-09-29T16:00:44Z,346,20,333.356,23.467
2026-09-29T16:00:45Z,348,25,333.674,23.500
2026-09-29T16:00:46Z,371,23,334.468,23.489
2026-09-29T16:00:47Z,365,24,335.104,23.500
2026-09-29T16:00:48Z,361,24,335.633,23.510
2026-09-29T16:00:49Z,371,23,336.340,23.500
2026-09-29T16:00:50Z,366,20,336.922,23.431
2026-09-29T16:00:51Z,378,26,337.712,23.481
2026-09-29T16:00:52Z,352,22,337.981,23.453
2026-09-29T16:00:53Z,368,22,338.537,23.426
2026-09-29T16:00:54Z,371,24,339.127,23.436
2026-09-29T16:00:55Z,366,20,339.607,23.375
2026-09-29T16:00:56Z,350,20,339.789,23.316
2026-09-29T16:00:57Z,348,27,339.931,23.379
2026-09-29T16:00:58Z,354,27,340.169,23.441
2026-09-29T16:00:59Z,340,25,340.167,23.467
2026-09-29T16:01:00Z,355,23,340.410,23.459
2026-09-29T16:01:01Z,374,27,340.952,23.516
2026-09-29T16:01:02Z,357,20,341.206,23.460
2026-09-29T16:01:03Z,377,25,341.766,23.484
2026-09-29T16:01:04Z,373,26,342.246,23.523
2026-09-29T16:01:05Z,353,25,342.409,23.545
2026-09-29T16:01:06Z,351,20,342.537,23.493
2026-09-29T16:01:07Z,341,27,342.515,23.544
2026-09-29T16:01:08Z,365,21,342.841,23.507
2026-09-29T16:01:09Z,344,22,342.857,23.486
2026-09-29T16:01:10Z,326,20,342.620,23.437
2026-09-29T16:01:11Z,340,21,342.583,23.403
2026-09-29T16:01:12Z,319,25,342.260,23.425
2026-09-29T16:01:13Z,314,25,341.878,23.446
2026-09-29T16:01:14Z,310,21,341.453,23.413
2026-09-29T16:01:15Z,338,21,341.408,23.382
2026-09-29T16:01:16Z,347,24,341.481,23.390
2026-09-29T16:01:17Z,311,26,341.090,23.423
2026-09-29T16:01:18Z,320,24,340.823,23.430
2026-09-29T16:01:19Z,331,21,340.700,23.400
2026-09-29T16:01:20Z,330,20,340.568,23.358
2026-09-29T16:01:21Z,318,24,340.293,23.366
2026-09-29T16:01:22Z,343,23,340.325,23.361
2026-09-29T16:01:23Z,333,23,340.238,23.357
2026-09-29T16:01:24Z,319,25,339.988,23.376
2026-09-29T16:01:25Z,336,27,339.942,23.419
2026-09-29T16:01:26Z,338,20,339.920,23.379
2026-09-29T16:01:27Z,330,24,339.807,23.386
2026-09-29T16:01:28Z,331,23,339.708,23.382
2026-09-29T16:01:29Z,347,21,339.789,23.356
2026-09-29T16:01:30Z,332,26,339.703,23.385
2026-09-29T16:01:31Z,343,27,339.739,23.424
2026-09-29T16:01:32Z,332,24,339.656,23.430
2026-09-29T16:01:33Z,331,25,339.564,23.447
2026-09-29T16:01:34Z,341,20,339.579,23.411
2026-09-29T16:01:35Z,339,21,339.573,23.385
2026-09-29T16:01:36Z,322,24,339.392,23.392
2026-09-29T16:01:37Z,322,27,339.214,23.429
2026-09-29T16:01:38Z,344,24,339.263,23.434
2026-09-29T16:01:39Z,327,25,339.140,23.450
2026-09-29T16:01:40Z,337,26,339.119,23.475
2026-09-29T16:01:41Z,349,21,339.216,23.451
2026-09-29T16:01:42Z,327,24,339.097,23.456
2026-09-29T16:01:43Z,333,27,339.038,23.490
2026-09-29T16:01:44Z,336,24,339.010,23.495
2026-09-29T16:01:45Z,324,21,338.868,23.472
2026-09-29T16:01:46Z,331,23,338.794,23.467
2026-09-29T16:01:47Z,319,27,338.611,23.500
2026-09-29T16:01:48Z,330,24,338.532,23.505
2026-09-29T16:01:49Z,349,24,338.627,23.509
2026-09-29T16:01:50Z,316,25,338.423,23.523
2026-09-29T16:01:51Z,318,22,338.241,23.509
2026-09-29T16:01:52Z,340,22,338.257,23.496
2026-09-29T16:01:53Z,329,20,338.175,23.465
2026-09-29T16:01:54Z,313,24,337.957,23.470
2026-09-29T16:01:55Z,319,27,337.793,23.500
2026-09-29T16:01:56Z,340,23,337.812,23.496
2026-09-29T16:01:57Z,320,25,337.661,23.508
2026-09-29T16:01:58Z,330,22,337.597,23.496
2026-09-29T16:01:59Z,315,26,337.408,23.517
